all,21,0
yellow,5,3
four,6,15
ceased,17,18
sleep,11,15
go,14,15
follow,9,11
abundant,22,22
seemed,18,4
to,14,24
charge,7,18
those,0,14
under,3,22
fancied,3,4
brown,12,7
presently,3,15
puzzled,5,16
very,23,4
horror,23,22
account,16,19
difference,21,22
vast,17,0
common,20,13
dim,18,1
did,2,24
leave,7,14
plain,6,16
small,14,18
lever,12,6
round,6,20
triumph,13,7
slower,2,5
past,20,12
second,13,2
pass,10,2
further,14,5
helpless,19,24
odd,16,16
creatures,15,18
what,19,6
stood,7,10
darkness,15,17
sun,8,7
while,3,13
above,5,9
new,9,8
ever,1,12
told,13,8
led,22,25
whose,3,5
never,2,9
certainly,20,16
here,0,7
met,3,0
slow,17,20
let,6,17
others,11,7
alone,12,19
along,13,16
quite,17,3
change,10,0
wait,18,20
box,19,23
great,5,24
copyright,0,8
larger,11,14
suggestion,21,16
social,6,1
narrow,10,17
hither,3,2
followed,16,3
suddenly,17,13
should,1,16
standing,15,7
use,14,6
fee,15,6
eye,7,13
faint,18,25
arms,10,12
next,14,7
few,9,17
doubt,13,6
calm,2,1
memory,12,9
taken,17,12
means,10,1
until,0,11
more,23,5
door,12,15
started,2,4
line,14,1
occurred,22,20
glass,15,3
warm,20,14
loose,24,22
hold,9,18
effort,19,16
must,20,3
me,12,24
none,12,17
pushed,20,22
this,15,23
work,3,23
paragraph,19,8
can,1,23
growing,13,12
making,23,13
my,15,24
beautiful,23,7
figure,11,10
give,8,0
in,14,22
tax,7,0
heard,3,8
something,23,8
want,12,13
sense,0,19
times,21,7
absolute,8,1
huge,20,11
needs,19,14
end,22,12
provide,6,0
travel,4,18
comfort,14,19
sudden,13,3
machine,8,25
how,18,5
animal,20,7
instead,9,23
stir,3,18
creature,13,10
buildings,8,21
tried,2,13
may,18,3
stop,19,20
after,9,25
them,1,25
lay,15,0
coming,23,11
such,8,10
grow,4,19
man,2,15
a,14,25
natural,23,17
remember,8,18
together,7,1
light,1,7
rather,4,11
cannot,5,8
green,12,21
every,17,14
volunteers,0,1
make,2,8
refund,18,12
help,24,25
indeed,12,20
pointed,23,23
move,1,13
soon,1,11
years,17,16
course,12,0
paper,22,18
including,9,14
signs,5,4
cold,10,11
still,2,25
its,21,2
before,21,6
perfect,6,13
masses,3,1
lamp,10,21
writing,10,23
better,10,8
minute,13,18
travelling,0,17
might,8,23
happened,5,5
then,3,25
evening,12,14
return,1,2
matches,13,0
safe,5,14
they,22,5
hands,23,12
not,19,0
now,16,5
hall,11,0
nor,8,22
mystery,20,15
mere,18,0
meat,18,23
always,16,0
stopped,8,20
each,5,7
found,3,20
went,0,23
side,13,1
mean,3,19
either,8,14
domain,11,18
just,16,14
house,21,24
hard,4,17
idea,0,5
laboratory,15,4
morning,17,10
thick,18,15
really,10,16
large,24,8
by,13,21
opened,18,10
space,18,7
open,13,11
since,20,10
hastily,6,4
looking,1,10
hill,14,3
got,7,8
forth,23,9
sphinx,7,22
red,0,13
assured,0,4
state,2,6
free,8,12
pleasant,19,25
imagine,10,20
put,5,22
wanted,13,9
beginning,2,19
bushes,11,12
could,22,4
days,0,12
keep,1,5
thing,4,23
place,19,12
fallen,15,10
think,5,6
silver,19,13
first,9,24
already,2,7
feel,0,16
number,14,11
one,19,1
feet,7,15
done,2,2
long,2,23
another,1,21
carry,23,21
reached,10,4
sounds,8,13
drove,15,12
electronic,0,24
straight,19,21
has,5,23
little,23,2
unknown,14,9
caught,22,9
least,21,21
their,24,3
too,6,25
passed,16,13
white,1,20
perfectly,23,18
eyes,1,15
that,14,23
explanation,23,24
exactly,1,17
took,2,21
part,24,9
off,5,20
flowers,13,19
peculiar,16,15
splendid,11,2
kind,10,18
hundred,6,14
showed,1,1
grey,18,8
seated,11,11
determined,12,5
iron,14,14
were,13,20
feeling,22,8
and,13,25
close,1,4
ran,17,15
well,15,2
turned,3,11
voices,6,19
say,21,12
have,15,22
need,7,21
seen,24,7
seem,10,5
saw,20,1
clearly,19,7
sat,4,6
afraid,18,24
convenient,22,16
metallic,12,1
lit,14,13
also,21,20
contact,24,21
take,9,13
laughed,2,18
so,17,4
many,14,0
even,4,21
towards,17,6
unless,21,15
trace,22,21
shall,17,7
who,4,25
paid,9,22
most,7,11
mouth,8,3
nothing,18,9
future,18,14
gallery,24,10
lawn,5,1
foot,8,15
clear,21,11
sometimes,6,5
face,3,9
looked,8,24
sunset,7,3
left,1,9
laws,12,8
impression,3,17
bright,1,14
queer,24,12
carefully,22,13
earth,2,14
fear,16,7
longer,10,22
find,15,15
ground,14,17
current,21,17
copy,9,1
cried,9,3
spite,24,16
with,16,21
explain,4,0
waiting,12,4
than,0,20
only,2,22
going,13,15
black,5,12
touched,5,15
pretty,7,17
watching,16,25
posted,21,25
over,20,4
hope,23,14
do,4,20
his,11,25
get,2,11
familiar,10,14
between,19,9
watch,8,5
trees,1,18
grew,5,21
nearly,12,22
altogether,20,8
during,22,23
him,6,8
comply,10,15
following,11,21
bar,10,24
public,15,9
she,18,6
through,16,4
where,6,24
view,17,23
bars,12,3
set,4,5
we,23,0
up,19,3
see,0,22
full,2,10
are,21,1
sea,17,22
best,19,17
planet,18,18
said,23,3
enough,14,16
horrible,6,3
burned,4,15
conditions,14,10
across,5,10
men,14,12
terms,6,6
confusion,24,15
however,23,16
killing,24,19
drew,16,9
come,9,9
bronze,16,1
received,11,20
last,7,23
freely,11,6
against,10,9
became,7,19
figures,10,3
faces,0,18
whole,3,16
comes,10,7
among,6,23
point,11,9
appeared,9,15
had,16,22
running,15,5
simply,14,4
away,6,11
table,18,2
strong,20,17
agree,1,6
three,3,10
been,17,5
startled,19,15
slowly,8,16
certain,19,10
entered,20,18
waste,12,10
direction,9,4
both,9,21
fire,21,10
mind,15,13
you,15,25
turf,16,18
corner,6,2
an,22,2
wood,9,16
myself,8,8
look,13,14
these,20,6
air,4,14
will,0,21
near,11,24
suppose,7,2
pressed,24,20
country,0,0
would,21,5
almost,4,9
is,15,20
it,16,20
surface,7,6
sleeping,23,25
good,18,16
if,1,22
different,22,24
present,1,3
perhaps,3,14
things,3,6
began,7,9
travelled,16,8
reminded,23,19
same,6,9
any,12,25
beside,12,12
ruins,22,19
strange,6,21
underground,0,3
several,9,5
used,23,20
blue,24,24
upon,22,6
hand,1,24
moment,13,13
fruit,16,23
moving,16,12
two,8,9
dust,4,3
dark,10,13
lower,9,10
kept,2,0
colour,11,5
floor,19,22
itself,21,19
thought,4,22
person,4,16
without,6,12
camphor,11,1
the,13,24
less,3,7
being,2,16
sound,9,6
half,11,16
rest,8,4
cries,22,14
human,4,13
behind,1,8
yet,15,1
previous,8,6
cut,1,0
thinking,5,17
rose,13,5
sky,0,15
except,20,24
knew,18,11
day,0,10
struck,22,11
save,6,18
humanity,18,19
match,10,19
gave,20,9
real,19,18
which,20,5
big,15,16
possible,15,19
possibly,22,17
know,4,10
world,6,10
vanished,18,22
like,19,5
lost,20,19
donations,23,10
laughing,20,20
flickering,4,2
night,9,7
hung,5,19
become,5,0
security,23,15
foolish,22,15
soft,18,13
because,16,10
old,7,24
people,4,24
absolutely,17,11
some,21,3
back,4,12
hail,17,19
daylight,18,17
sure,12,18
sight,20,21
pale,17,9
dimensions,4,1
for,13,22
though,15,8
shone,19,11
moon,17,2
swiftly,10,10
slight,24,18
agreement,11,23
broken,11,19
from,17,21
intense,17,17
spoke,9,12
on,20,0
about,24,0
works,6,7
rare,9,0
carried,20,23
anything,12,16
getting,7,5
of,13,23
am,15,14
thousands,11,13
dinner,12,2
blackness,7,20
steadily,5,2
eight,0,6
permission,15,11
or,15,21
own,3,24
burning,21,18
into,22,0
within,22,7
telling,21,23
intellectual,1,19
copies,12,23
down,24,5
stared,22,10
right,21,8
rising,8,19
your,4,8
distributing,11,4
story,7,12
her,20,2
there,24,4
question,2,17
fast,21,14
noticed,19,19
much,4,7
way,5,11
forward,9,2
was,14,21
head,21,9
form,16,17
believe,12,11
but,19,2
hear,8,2
judged,7,4
be,23,1
trying,17,25
considerable,21,13
he,22,1
made,7,25
access,13,4
us,7,7
tell,9,20
resolved,24,14
below,11,8
distribution,10,6
grass,17,24
creeping,9,19
gone,24,11
associated,16,11
convey,11,17
moved,8,11
life,14,2
general,24,17
as,10,25
held,11,22
at,16,24
our,21,4
watched,24,13
pedestal,4,4
physical,0,2
again,5,25
no,24,2
when,24,6
other,2,20
holding,5,13
intelligence,11,3
distribute,2,3
out,19,4
nearer,3,3
why,17,8
felt,16,6
fell,0,9
building,18,21
remote,5,18
faster,17,1
interval,8,17
walked,16,2
mass,24,23
came,24,1
time,3,21
far,3,12
understand,14,8
once,13,17
